{"cameraMode":{"drawMode":0,"name":"Shaded","section":"Shading Mode"},"sceneLighting":false,"audioPlay":false,"sceneViewState":{"showFog":true,"showMaterialUpdate":false,"showSkybox":false,"showFlares":true,"showImageEffects":true,"showParticleSystems":true,"showVisualEffectGraphs":true,"m_FxEnabled":true},"in2DMode":false,"pivot":{"x":0.8501112461090088,"y":0.5164961218833923,"z":-0.55500328540802},"rotation":{"x":0.0011057882802560926,"y":0.9996926784515381,"z":0.03268895670771599,"w":-0.0035581805277615787},"size":1.6770329475402833,"orthographic":false}