{"cameraMode":{"drawMode":0,"name":"Shaded","section":"Shading Mode"},"sceneLighting":true,"audioPlay":false,"sceneViewState":{"showFog":true,"showMaterialUpdate":false,"showSkybox":true,"showFlares":true,"showImageEffects":true,"showParticleSystems":true,"showVisualEffectGraphs":true,"m_FxEnabled":true},"in2DMode":false,"pivot":{"x":1.7120907306671143,"y":0.206076979637146,"z":-0.6456611752510071},"rotation":{"x":0.022592561319470407,"y":0.9590416550636292,"z":-0.07803960144519806,"w":0.2725154757499695},"size":0.8656855225563049,"orthographic":false}