{"cameraMode":{"drawMode":0,"name":"Shaded","section":"Shading Mode"},"sceneLighting":true,"audioPlay":false,"sceneViewState":{"showFog":true,"showMaterialUpdate":false,"showSkybox":true,"showFlares":true,"showImageEffects":true,"showParticleSystems":true,"showVisualEffectGraphs":true,"m_FxEnabled":true},"in2DMode":false,"pivot":{"x":2.4388952255249025,"y":-0.5082300305366516,"z":4.065932273864746},"rotation":{"x":-0.09698445349931717,"y":0.25783589482307436,"z":-0.026963576674461366,"w":-0.9611427187919617},"size":2.0615527629852297,"orthographic":false}