{"cameraMode":{"drawMode":0,"name":"Shaded","section":"Shading Mode"},"sceneLighting":true,"audioPlay":false,"sceneViewState":{"showFog":true,"showMaterialUpdate":false,"showSkybox":false,"showFlares":true,"showImageEffects":true,"showParticleSystems":true,"showVisualEffectGraphs":true,"m_FxEnabled":true},"in2DMode":false,"pivot":{"x":1.9806760549545289,"y":1.6543002128601075,"z":-4.488819599151611},"rotation":{"x":0.004194057546555996,"y":0.01936183124780655,"z":-0.0001764643529895693,"w":-0.9999722838401794},"size":0.00002326085996173788,"orthographic":false}