{"cameraMode":{"drawMode":0,"name":"Shaded","section":"Shading Mode"},"sceneLighting":false,"audioPlay":false,"sceneViewState":{"showFog":true,"showMaterialUpdate":false,"showSkybox":false,"showFlares":true,"showImageEffects":true,"showParticleSystems":true,"showVisualEffectGraphs":true,"m_FxEnabled":true},"in2DMode":false,"pivot":{"x":0.48786211013793948,"y":0.4078108072280884,"z":-7.282307147979736},"rotation":{"x":0.002169520128518343,"y":0.9976578950881958,"z":-0.06924194097518921,"w":0.02030348777770996},"size":4.807394981384277,"orthographic":false}