{"cameraMode":{"drawMode":0,"name":"Shaded","section":"Shading Mode"},"sceneLighting":false,"audioPlay":false,"sceneViewState":{"showFog":true,"showMaterialUpdate":false,"showSkybox":false,"showFlares":true,"showImageEffects":true,"showParticleSystems":true,"showVisualEffectGraphs":true,"m_FxEnabled":true},"in2DMode":false,"pivot":{"x":-0.25168752670288088,"y":-0.3076348304748535,"z":1.5242632627487183},"rotation":{"x":-0.21245905756950379,"y":0.7189093828201294,"z":-0.25075510144233706,"w":-0.6128421425819397},"size":1.1313711404800416,"orthographic":false}