{"cameraMode":{"drawMode":0,"name":"Shaded","section":"Shading Mode"},"sceneLighting":false,"audioPlay":false,"sceneViewState":{"showFog":true,"showMaterialUpdate":false,"showSkybox":false,"showFlares":true,"showImageEffects":true,"showParticleSystems":true,"showVisualEffectGraphs":true,"m_FxEnabled":true},"in2DMode":false,"pivot":{"x":2.921546459197998,"y":0.2725660800933838,"z":-2.087158441543579},"rotation":{"x":-0.0030843287240713836,"y":0.9959813356399536,"z":-0.08417793363332749,"w":-0.03948947787284851},"size":1.8889710903167725,"orthographic":false}